t,true_x,true_y,true_theta,est_x,est_y,est_theta
0,0.1,0,0.03,1.0859,0.438438,0.0798751
0.1,0.199955,0.00299955,0.06,0.784628,0.203955,0.104615
0.2,0.299775,0.00899595,0.09,0.639613,0.0642297,0.0913501
0.3,0.39937,0.0179838,0.12,0.793308,0.0699385,0.147138
0.4,0.498651,0.029955,0.15,0.697974,0.0566221,0.179294
0.5,0.597528,0.0448988,0.18,0.68078,0.121671,0.184449
0.6,0.695913,0.0628018,0.21,0.741843,0.164884,0.222873
0.7,0.793716,0.0836478,0.24,0.862408,0.203457,0.233969
0.8,0.89085,0.107418,0.27,0.958683,0.185159,0.276166
0.9,0.987227,0.134091,0.3,1.07986,0.229457,0.315766
1,1.08276,0.163643,0.33,1.23917,0.192495,0.337355
1.1,1.17736,0.196048,0.36,1.3427,0.221778,0.366634
1.2,1.27095,0.231275,0.39,1.41211,0.262207,0.393746
1.3,1.36345,0.269294,0.42,1.51838,0.310382,0.434775
1.4,1.45475,0.31007,0.45,1.57986,0.419932,0.469154
1.5,1.5448,0.353566,0.48,1.6424,0.460467,0.488572
1.6,1.6335,0.399744,0.51,1.79803,0.496458,0.506153
1.7,1.72077,0.448562,0.54,1.8715,0.529766,0.527576
1.8,1.80654,0.499976,0.57,1.9835,0.58978,0.56474
1.9,1.89073,0.553939,0.6,2.07065,0.660325,0.598914
2,1.97327,0.610403,0.63,2.15519,0.728733,0.628043
2.1,2.05407,0.669318,0.66,2.23457,0.752915,0.65742
2.2,2.13307,0.730629,0.69,2.26192,0.853575,0.701265
2.3,2.21019,0.794283,0.72,2.35518,0.90771,0.735899
2.4,2.28537,0.860221,0.75,2.42739,0.974019,0.76109
2.5,2.35854,0.928385,0.78,2.49498,1.01421,0.784585
2.6,2.42963,0.998713,0.81,2.62436,1.06899,0.809887
2.7,2.49858,1.07114,0.84,2.66316,1.17294,0.839665
2.8,2.56533,1.14561,0.87,2.67934,1.25334,0.873905
2.9,2.62981,1.22204,0.9,2.71005,1.36498,0.903629
3,2.69197,1.30037,0.93,2.79278,1.43171,0.935148
3.1,2.75176,1.38053,0.96,2.81079,1.52366,0.969417
3.2,2.80911,1.46245,0.99,2.88121,1.62944,0.99629
3.3,2.86398,1.54606,1.02,2.90489,1.69875,1.02689
3.4,2.91632,1.63127,1.05,2.93627,1.78428,1.05287
3.5,2.96607,1.71801,1.08,2.99412,1.85548,1.07863
3.6,3.01321,1.8062,1.11,3.01887,1.94076,1.11046
3.7,3.05767,1.89577,1.14,3.06815,2.06765,1.14281
3.8,3.09943,1.98664,1.17,3.09441,2.14458,1.1674
3.9,3.13845,2.07871,1.2,3.14924,2.22517,1.19891
4,3.17468,2.17192,1.23,3.1912,2.27352,1.23148
4.1,3.20811,2.26617,1.26,3.20823,2.33543,1.25666
4.2,3.23869,2.36137,1.29,3.25738,2.44305,1.28406
4.3,3.2664,2.45746,1.32,3.31811,2.52706,1.3141
4.4,3.29122,2.55433,1.35,3.30442,2.6745,1.34532
4.5,3.31312,2.6519,1.38,3.28562,2.78982,1.37649
4.6,3.33208,2.75009,1.41,3.29511,2.8895,1.40788
4.7,3.34809,2.8488,1.44,3.31574,2.98097,1.4375
4.8,3.36113,2.94794,1.47,3.36502,3.0394,1.46711
4.9,3.3712,3.04744,1.5,3.35025,3.14633,1.50152
5,3.37827,3.14719,1.53,3.33008,3.23789,1.53153
5.1,3.38235,3.2471,1.56,3.32299,3.35059,1.55865
5.2,3.38343,3.3471,1.59,3.34998,3.41434,1.58462
5.3,3.38151,3.44708,1.62,3.33068,3.51564,1.61541
5.4,3.37659,3.54696,1.65,3.34395,3.57927,1.64239
5.5,3.36868,3.64664,1.68,3.34806,3.68636,1.66797
5.6,3.35778,3.74605,1.71,3.37214,3.80026,1.69739
5.7,3.3439,3.84508,1.74,3.38542,3.85669,1.728
5.8,3.32706,3.94365,1.77,3.3427,4.03017,1.75866
5.9,3.30728,4.04167,1.8,3.3416,4.13709,1.78748
6,3.28456,4.13906,1.83,3.32089,4.21727,1.82006
6.1,3.25892,4.23572,1.86,3.30069,4.31643,1.8488
6.2,3.23041,4.33157,1.89,3.27306,4.41412,1.87894
6.3,3.19902,4.42651,1.92,3.23365,4.51159,1.90878
6.4,3.16481,4.52048,1.95,3.19858,4.5755,1.94185
6.5,3.12779,4.61337,1.98,3.18718,4.63143,1.97107
6.6,3.088,4.70512,2.01,3.1402,4.75783,2.00295
6.7,3.04548,4.79563,2.04,3.08403,4.84893,2.03124
6.8,3.00026,4.88482,2.07,3.02802,4.89982,2.05961
6.9,2.95239,4.97262,2.1,2.97367,4.97513,2.09099
7,2.90191,5.05894,2.13,2.9091,5.09734,2.12245
7.1,2.84886,5.14371,2.16,2.85226,5.19959,2.15125
7.2,2.79329,5.22684,2.19,2.79026,5.26941,2.18021
7.3,2.73525,5.30828,2.22,2.70847,5.37941,2.20721
7.4,2.67479,5.38793,2.25,2.64149,5.46942,2.24014
7.5,2.61197,5.46574,2.28,2.57814,5.53882,2.26776
7.6,2.54685,5.54163,2.31,2.52684,5.59586,2.29873
7.7,2.47948,5.61553,2.34,2.4432,5.70002,2.32633
7.8,2.40992,5.68738,2.37,2.36538,5.74443,2.35546
7.9,2.33824,5.7571,2.4,2.27345,5.78132,2.38553
8,2.26451,5.82465,2.43,2.2097,5.85694,2.41652
8.1,2.18877,5.88996,2.46,2.14596,5.9316,2.4476
8.2,2.11112,5.95296,2.49,2.07345,5.97237,2.47817
8.3,2.0316,6.0136,2.52,1.9855,6.00224,2.50961
8.4,1.95031,6.07184,2.55,1.90999,6.03704,2.54059
8.5,1.8673,6.12761,2.58,1.83495,6.12414,2.56939
8.6,1.78266,6.18086,2.61,1.74702,6.20401,2.59705
8.7,1.69646,6.23155,2.64,1.65627,6.25586,2.62643
8.8,1.60878,6.27963,2.67,1.59424,6.32082,2.65709
8.9,1.5197,6.32506,2.7,1.50086,6.35169,2.68705
9,1.42929,6.3678,2.73,1.40041,6.38763,2.71582
9.1,1.33764,6.40781,2.76,1.33052,6.45123,2.74461
9.2,1.24483,6.44505,2.79,1.24269,6.48723,2.77483
9.3,1.15095,6.47949,2.82,1.1428,6.546,2.80453
9.4,1.05608,6.51109,2.85,1.04649,6.59642,2.83275
9.5,0.960299,6.53984,2.88,0.943313,6.65736,2.86188
9.6,0.863701,6.5657,2.91,0.849078,6.69692,2.89302
9.7,0.766371,6.58866,2.94,0.758275,6.71354,2.92354
9.8,0.668396,6.60868,2.97,0.652628,6.75933,2.95204
9.9,0.569864,6.62575,3,0.558652,6.762,2.98111
10,0.470865,6.63987,3.03,0.462183,6.77681,3.01132
10.1,0.371487,6.651,3.06,0.363492,6.82449,3.04046
10.2,0.27182,6.65915,3.09,0.24352,6.82847,3.06899
10.3,0.171953,6.66431,3.12,0.170155,6.8755,3.09907
10.4,0.0719762,6.66647,-3.13319,0.0461621,6.86498,3.12811
10.5,-0.0280203,6.66563,-3.10319,-0.0312947,6.84644,-3.12305
10.6,-0.127947,6.66179,-3.07319,-0.141553,6.81596,-3.0935
10.7,-0.227713,6.65495,-3.04319,-0.230609,6.79507,-3.0629
10.8,-0.327229,6.64513,-3.01319,-0.327532,6.7735,-3.03191
10.9,-0.426406,6.63232,-2.98319,-0.410116,6.7901,-3.00122
11,-0.525154,6.61655,-2.95319,-0.475891,6.72029,-2.97071
11.1,-0.623384,6.59782,-2.92319,-0.574501,6.69094,-2.94034
11.2,-0.721008,6.57615,-2.89319,-0.696951,6.66167,-2.91196
11.3,-0.817939,6.55157,-2.86319,-0.784124,6.61945,-2.88133
11.4,-0.914088,6.52408,-2.83319,-0.885592,6.59079,-2.85056
11.5,-1.00937,6.49373,-2.80319,-0.982289,6.5434,-2.82009
11.6,-1.1037,6.46053,-2.77319,-1.09117,6.51754,-2.79056
11.7,-1.19699,6.42452,-2.74319,-1.18653,6.49384,-2.7621
11.8,-1.28916,6.38572,-2.71319,-1.2715,6.4552,-2.73245
11.9,-1.38012,6.34418,-2.68319,-1.34839,6.41677,-2.70174
12,-1.4698,6.29993,-2.65319,-1.44874,6.38291,-2.67199
12.1,-1.5581,6.25301,-2.62319,-1.54056,6.26675,-2.6422
12.2,-1.64496,6.20346,-2.59319,-1.64212,6.20087,-2.61153
12.3,-1.7303,6.15132,-2.56319,-1.7473,6.15457,-2.58167
12.4,-1.81403,6.09665,-2.53319,-1.80669,6.08,-2.5505
12.5,-1.89609,6.0395,-2.50319,-1.89818,6.05022,-2.52096
12.6,-1.97639,5.97991,-2.47319,-1.99192,6.02926,-2.49159
12.7,-2.05488,5.91793,-2.44319,-2.05946,5.96581,-2.46167
12.8,-2.13146,5.85363,-2.41319,-2.15859,5.95387,-2.43309
12.9,-2.20609,5.78706,-2.38319,-2.20137,5.82617,-2.40135
13,-2.27868,5.71829,-2.35319,-2.27869,5.76463,-2.37181
13.1,-2.34918,5.64736,-2.32319,-2.34882,5.6875,-2.34287
13.2,-2.41751,5.57436,-2.29319,-2.42725,5.62737,-2.31388
13.3,-2.48363,5.49934,-2.26319,-2.48799,5.48694,-2.28254
13.4,-2.54747,5.42236,-2.23319,-2.55264,5.401,-2.25176
13.5,-2.60897,5.34351,-2.20319,-2.59589,5.30135,-2.22194
13.6,-2.66808,5.26285,-2.17319,-2.6465,5.24014,-2.19211
13.7,-2.72474,5.18045,-2.14319,-2.74444,5.12346,-2.16119
13.8,-2.7789,5.09639,-2.11319,-2.77679,5.06895,-2.13156
13.9,-2.83052,5.01074,-2.08319,-2.8293,5.04379,-2.10209
14,-2.87955,4.92358,-2.05319,-2.90098,4.89148,-2.07096
14.1,-2.92594,4.835,-2.02319,-2.95059,4.8052,-2.04113
14.2,-2.96965,4.74506,-1.99319,-2.98595,4.74659,-2.01091
14.3,-3.01064,4.65384,-1.96319,-3.02361,4.6585,-1.98149
14.4,-3.04888,4.56144,-1.93319,-3.05427,4.53485,-1.95145
14.5,-3.08433,4.46794,-1.90319,-3.07106,4.48765,-1.92088
14.6,-3.11696,4.37341,-1.87319,-3.13229,4.36569,-1.89075
14.7,-3.14674,4.27795,-1.84319,-3.1958,4.22708,-1.86065
14.8,-3.17365,4.18164,-1.81319,-3.22855,4.12812,-1.83028
14.9,-3.19765,4.08456,-1.78319,-3.23355,4.09052,-1.80244
15,-3.21873,3.98681,-1.75319,-3.26204,3.99157,-1.77241
15.1,-3.23687,3.88847,-1.72319,-3.28896,3.89661,-1.7416
15.2,-3.25205,3.78962,-1.69319,-3.2902,3.80963,-1.71223
15.3,-3.26426,3.69037,-1.66319,-3.31878,3.68675,-1.6827
15.4,-3.27348,3.5908,-1.63319,-3.33642,3.58362,-1.65183
15.5,-3.27972,3.49099,-1.60319,-3.35401,3.4673,-1.62126
15.6,-3.28295,3.39105,-1.57319,-3.35739,3.35159,-1.5918
15.7,-3.28319,3.29105,-1.54319,-3.31088,3.2645,-1.56233
15.8,-3.28043,3.19108,-1.51319,-3.33595,3.17099,-1.53311
15.9,-3.27467,3.09125,-1.48319,-3.36388,3.07961,-1.50184
16,-3.26592,2.99163,-1.45319,-3.37898,2.96689,-1.4715
16.1,-3.25419,2.89232,-1.42319,-3.33325,2.87334,-1.44154
16.2,-3.23948,2.79341,-1.39319,-3.25177,2.80212,-1.41094
16.3,-3.22182,2.69499,-1.36319,-3.23708,2.69254,-1.38192
16.4,-3.2012,2.59713,-1.33319,-3.22414,2.6168,-1.35175
16.5,-3.17766,2.49994,-1.30319,-3.20541,2.5002,-1.32194
16.6,-3.15122,2.4035,-1.27319,-3.19142,2.41137,-1.29122
16.7,-3.1219,2.3079,-1.24319,-3.17845,2.29703,-1.26067
16.8,-3.08972,2.21322,-1.21319,-3.11608,2.22919,-1.22977
16.9,-3.05472,2.11954,-1.18319,-3.06925,2.14729,-1.19892
17,-3.01692,2.02696,-1.15319,-3.02395,2.06212,-1.16837
17.1,-2.97636,1.93556,-1.12319,-2.96463,1.95964,-1.13869
17.2,-2.93308,1.84541,-1.09319,-2.93945,1.86599,-1.10819
17.3,-2.88711,1.7566,-1.06319,-2.86728,1.78784,-1.0782
17.4,-2.8385,1.66921,-1.03319,-2.81931,1.71949,-1.04852
17.5,-2.7873,1.58331,-1.00319,-2.77331,1.63569,-1.01868
17.6,-2.73353,1.49899,-0.973185,-2.7604,1.53569,-0.988226
17.7,-2.67727,1.41633,-0.943185,-2.69648,1.4373,-0.958705
17.8,-2.61855,1.33538,-0.913185,-2.66867,1.31923,-0.928937
17.9,-2.55742,1.25624,-0.883185,-2.60575,1.23544,-0.898859
18,-2.49395,1.17896,-0.853185,-2.55077,1.15136,-0.86831
18.1,-2.4282,1.10362,-0.823185,-2.50638,1.04786,-0.83811
18.2,-2.36021,1.03029,-0.793185,-2.45057,0.992695,-0.808865
18.3,-2.29005,0.959032,-0.763185,-2.36639,0.888026,-0.778815
18.4,-2.21778,0.88991,-0.733185,-2.29213,0.831878,-0.749114
18.5,-2.14348,0.822986,-0.703185,-2.2239,0.762056,-0.718572
18.6,-2.0672,0.758321,-0.673185,-2.12874,0.687815,-0.68841
18.7,-1.98902,0.695973,-0.643185,-2.0344,0.619157,-0.65934
18.8,-1.909,0.635998,-0.613185,-1.91997,0.592346,-0.62858
18.9,-1.82722,0.57845,-0.583185,-1.81993,0.532852,-0.598688
19,-1.74375,0.523382,-0.553185,-1.72943,0.510182,-0.568686
19.1,-1.65866,0.470842,-0.523185,-1.64432,0.45623,-0.540044
19.2,-1.57204,0.420878,-0.493185,-1.56171,0.400939,-0.509437
19.3,-1.48395,0.373534,-0.463185,-1.44843,0.353791,-0.478882
19.4,-1.39449,0.328854,-0.433185,-1.38333,0.297207,-0.450011
19.5,-1.30373,0.286878,-0.403185,-1.25027,0.236634,-0.418845
19.6,-1.21175,0.247643,-0.373185,-1.16407,0.190053,-0.38893
19.7,-1.11863,0.211184,-0.343185,-1.10381,0.159955,-0.358142
19.8,-1.02446,0.177536,-0.313185,-1.00772,0.155264,-0.32751
19.9,-0.929324,0.146727,-0.283185,-0.912773,0.112966,-0.297804
20,-0.833307,0.118785,-0.253185,-0.824977,0.0793802,-0.267079
20.1,-0.736495,0.0937361,-0.223185,-0.733973,0.00992894,-0.236665
20.2,-0.638975,0.0716024,-0.193185,-0.64387,-0.0354257,-0.206861
20.3,-0.540835,0.0524038,-0.163185,-0.548988,-0.0595159,-0.177185
20.4,-0.442164,0.0361576,-0.133185,-0.426378,-0.0839618,-0.147244
20.5,-0.343049,0.0228784,-0.103185,-0.295162,-0.0917353,-0.116976
20.6,-0.243581,0.0125782,-0.0731853,-0.217328,-0.122964,-0.0858756
20.7,-0.143849,0.00526616,-0.0431853,-0.158607,-0.137991,-0.0556895
20.8,-0.0439421,0.000948974,-0.0131853,-0.0647109,-0.134667,-0.0250902
20.9,0.0560492,-0.000369518,0.0168147,0.0342954,-0.161623,0.00463025
21,0.156035,0.00131187,0.0468147,0.139033,-0.172351,0.0346944
21.1,0.255926,0.00599163,0.0768147,0.234621,-0.155233,0.0658805
21.2,0.355631,0.0136655,0.106815,0.307948,-0.123565,0.096194
21.3,0.455061,0.0243267,0.136815,0.406629,-0.136629,0.126003
21.4,0.554126,0.0379655,0.166815,0.503443,-0.133111,0.156114
21.5,0.652738,0.0545698,0.196815,0.613286,-0.0769221,0.186119
21.6,0.750808,0.0741244,0.226815,0.701253,-0.0555682,0.21722
21.7,0.848246,0.0966119,0.256815,0.798977,-0.0333611,0.247021
21.8,0.944967,0.122012,0.286815,0.945818,-0.0113492,0.276804
21.9,1.04088,0.150302,0.316815,1.06971,0.0154242,0.307515
22,1.1359,0.181456,0.346815,1.12807,0.0453294,0.337406
22.1,1.22995,0.215446,0.376815,1.23825,0.0689606,0.367082
22.2,1.32294,0.252242,0.406815,1.31914,0.0975122,0.397254
22.3,1.41477,0.291811,0.436815,1.43425,0.15913,0.427988
22.4,1.50538,0.334117,0.466815,1.57165,0.200069,0.458754
22.5,1.59468,0.379121,0.496815,1.6323,0.25186,0.489614
22.6,1.6826,0.426784,0.526815,1.69181,0.33097,0.520156
22.7,1.76904,0.477062,0.556815,1.78361,0.370968,0.549914
22.8,1.85393,0.52991,0.586815,1.85347,0.409438,0.580314
22.9,1.9372,0.585282,0.616815,1.94052,0.475426,0.609741
23,2.01877,0.643126,0.646815,2.0513,0.565177,0.639054
23.1,2.09857,0.70339,0.676815,2.12989,0.632087,0.669005
23.2,2.17653,0.766022,0.706815,2.22616,0.684495,0.698873
23.3,2.25258,0.830963,0.736815,2.30642,0.766837,0.72916
23.4,2.32664,0.898156,0.766815,2.39847,0.838414,0.759795
23.5,2.39865,0.967541,0.796815,2.47268,0.924147,0.79034
23.6,2.46855,1.03905,0.826815,2.54227,1.00874,0.820314
23.7,2.53627,1.11263,0.856815,2.61877,1.09687,0.850282
23.8,2.60176,1.18821,0.886815,2.69747,1.17602,0.880935
23.9,2.66494,1.26571,0.916815,2.77345,1.23286,0.911721
24,2.72578,1.34508,0.946815,2.83323,1.29889,0.942078
24.1,2.78421,1.42624,0.976815,2.88169,1.37731,0.971506
24.2,2.84017,1.50911,1.00681,2.91397,1.4804,1.0019
24.3,2.89363,1.59362,1.03681,2.99573,1.55753,1.03175
24.4,2.94452,1.6797,1.06681,3.03556,1.62809,1.06204
24.5,2.99282,1.76727,1.09681,3.08916,1.70091,1.09224
24.6,3.03846,1.85624,1.12681,3.14247,1.80611,1.12255
24.7,3.08141,1.94655,1.15681,3.16293,1.88031,1.15168
24.8,3.12164,2.0381,1.18681,3.18589,1.9765,1.18218
24.9,3.1591,2.13082,1.21681,3.23605,2.05888,1.21147
25,3.19376,2.22462,1.24681,3.25655,2.16189,1.24131
25.1,3.2256,2.31942,1.27681,3.31702,2.2471,1.27038
25.2,3.25457,2.41513,1.30681,3.32522,2.33285,1.30034
25.3,3.28067,2.51166,1.33681,3.36314,2.43003,1.32984
25.4,3.30385,2.60894,1.36681,3.35236,2.54588,1.35925
25.5,3.32411,2.70686,1.39681,3.33893,2.65967,1.3897
25.6,3.34142,2.80535,1.42681,3.34004,2.78986,1.41987
25.7,3.35577,2.90432,1.45681,3.36717,2.88273,1.44981
25.8,3.36714,3.00367,1.48681,3.33677,3.01027,1.48044
25.9,3.37553,3.10332,1.51681,3.34532,3.10755,1.51089
26,3.38093,3.20317,1.54681,3.34348,3.19338,1.54116
26.1,3.38332,3.30314,1.57681,3.37934,3.28009,1.57049
26.2,3.38272,3.40314,1.60681,3.39977,3.37933,1.60014
26.3,3.37912,3.50308,1.63681,3.42938,3.42302,1.62941
26.4,3.37252,3.60286,1.66681,3.41479,3.52074,1.65938
26.5,3.36294,3.7024,1.69681,3.40547,3.60982,1.68897
26.6,3.35037,3.80161,1.72681,3.38156,3.72952,1.71949
26.7,3.33483,3.90039,1.75681,3.34138,3.88343,1.74907
26.8,3.31633,3.99867,1.78681,3.34034,3.98827,1.7789
26.9,3.2949,4.09634,1.81681,3.31488,4.12247,1.80853
27,3.27055,4.19333,1.84681,3.30847,4.20209,1.83805
27.1,3.24329,4.28955,1.87681,3.28437,4.32399,1.86808
27.2,3.21317,4.3849,1.90681,3.2356,4.44263,1.89808
27.3,3.18019,4.47931,1.93681,3.19622,4.5656,1.92759
27.4,3.1444,4.57268,1.96681,3.16156,4.62185,1.95751
27.5,3.10583,4.66494,1.99681,3.13714,4.64872,1.98806
27.6,3.0645,4.75601,2.02681,3.08394,4.73559,2.01833
27.7,3.02047,4.84579,2.05681,3.02859,4.84849,2.04808
27.8,2.97376,4.93421,2.08681,2.9948,4.96801,2.07808
27.9,2.92441,5.02119,2.11681,2.95997,5.0699,2.10802
28,2.87248,5.10665,2.14681,2.88954,5.11927,2.13836
28.1,2.81802,5.19051,2.17681,2.82843,5.16106,2.16826
28.2,2.76106,5.2727,2.20681,2.76721,5.20333,2.19865
28.3,2.70166,5.35315,2.23681,2.72621,5.33007,2.22863
28.4,2.63987,5.43178,2.26681,2.64261,5.37852,2.25867
28.5,2.57575,5.50852,2.29681,2.60085,5.47678,2.28884
28.6,2.50936,5.5833,2.32681,2.53513,5.57195,2.31889
28.7,2.44076,5.65606,2.35681,2.47487,5.65772,2.34914
28.8,2.37001,5.72672,2.38681,2.42788,5.72616,2.37961
28.9,2.29716,5.79524,2.41681,2.35237,5.78687,2.40929
29,2.2223,5.86153,2.44681,2.27894,5.85294,2.43913
29.1,2.14548,5.92555,2.47681,2.19898,5.93453,2.46897
29.2,2.06677,5.98724,2.50681,2.13188,5.94248,2.49956
29.3,1.98625,6.04654,2.53681,2.02738,6.00831,2.52904
29.4,1.90399,6.1034,2.56681,1.94301,6.08619,2.55872
29.5,1.82006,6.15777,2.59681,1.85935,6.15324,2.58895
29.6,1.73454,6.20959,2.62681,1.7713,6.19546,2.61897
29.7,1.6475,6.25882,2.65681,1.69771,6.24114,2.64935
29.8,1.55902,6.30542,2.68681,1.60571,6.30734,2.6793
29.9,1.46918,6.34935,2.71681,1.5196,6.34539,2.70963
30,1.37807,6.39056,2.74681,1.40574,6.38407,2.73936
30.1,1.28576,6.42902,2.77681,1.33825,6.44607,2.76947
30.2,1.19234,6.4647,2.80681,1.21234,6.52005,2.79893
30.3,1.09789,6.49755,2.83681,1.11688,6.53531,2.8289
30.4,1.0025,6.52756,2.86681,1.01178,6.60511,2.85839
30.5,0.906252,6.55469,2.89681,0.908304,6.65552,2.88787
30.6,0.809233,6.57893,2.92681,0.828559,6.66892,2.91817
30.7,0.711531,6.60024,2.95681,0.718927,6.66048,2.94846
30.8,0.613233,6.61861,2.98681,0.611459,6.64516,2.9786
30.9,0.514428,6.63403,3.01681,0.506576,6.68284,3.00828
31,0.415206,6.64648,3.04681,0.408555,6.72174,3.03811
31.1,0.315655,6.65594,3.07681,0.329291,6.76668,3.06817
31.2,0.215864,6.66241,3.10681,0.222837,6.76142,3.09826
31.3,0.115925,6.66589,3.13681,0.13249,6.78693,3.12833
31.4,0.0159259,6.66637,-3.11637,0.0258189,6.78073,-3.12477
31.5,-0.0840423,6.66385,-3.08637,-0.054727,6.75464,-3.09442
31.6,-0.18389,6.65833,-3.05637,-0.163672,6.75477,-3.06467
31.7,-0.283527,6.64981,-3.02637,-0.26513,6.70054,-3.03437
31.8,-0.382864,6.63832,-2.99637,-0.360565,6.69293,-3.00405
31.9,-0.481811,6.62385,-2.96637,-0.479026,6.69173,-2.97448
32,-0.58028,6.60641,-2.93637,-0.554405,6.68441,-2.94453
32.1,-0.678182,6.58604,-2.90637,-0.647538,6.65095,-2.91443
32.2,-0.775428,6.56273,-2.87637,-0.760133,6.65164,-2.88486
32.3,-0.871931,6.53652,-2.84637,-0.877605,6.6373,-2.85511
32.4,-0.967605,6.50742,-2.81637,-0.940179,6.58151,-2.82437
32.5,-1.06236,6.47547,-2.78637,-1.02655,6.54489,-2.79408
32.6,-1.15612,6.44069,-2.75637,-1.11339,6.51875,-2.76407
32.7,-1.24879,6.40311,-2.72637,-1.21643,6.46039,-2.73423
32.8,-1.34029,6.36277,-2.69637,-1.29744,6.42321,-2.70429
32.9,-1.43055,6.31971,-2.66637,-1.40967,6.40711,-2.67409
33,-1.51946,6.27395,-2.63637,-1.48017,6.36428,-2.64408
33.1,-1.60697,6.22555,-2.60637,-1.56257,6.35521,-2.61418
33.2,-1.69299,6.17455,-2.57637,-1.66109,6.32092,-2.58426
33.3,-1.77743,6.12099,-2.54637,-1.73283,6.21004,-2.55399
33.4,-1.86024,6.06492,-2.51637,-1.82329,6.16567,-2.52383
33.5,-1.94132,6.00639,-2.48637,-1.90807,6.08928,-2.49371
33.6,-2.02061,5.94546,-2.45637,-2.00263,6.02616,-2.46406
33.7,-2.09804,5.88218,-2.42637,-2.10515,5.9505,-2.43416
33.8,-2.17353,5.8166,-2.39637,-2.17945,5.91212,-2.40399
33.9,-2.24703,5.74878,-2.36637,-2.25588,5.84007,-2.37402
34,-2.31845,5.6788,-2.33637,-2.31942,5.74125,-2.34377
34.1,-2.38775,5.6067,-2.30637,-2.41551,5.64281,-2.31426
34.2,-2.45485,5.53255,-2.27637,-2.47883,5.55706,-2.28449
34.3,-2.5197,5.45643,-2.24637,-2.54793,5.49501,-2.25492
34.4,-2.58223,5.37839,-2.21637,-2.61265,5.48405,-2.22537
34.5,-2.6424,5.29852,-2.18637,-2.67027,5.39101,-2.19552
34.6,-2.70014,5.21688,-2.15637,-2.74247,5.3122,-2.166
34.7,-2.75541,5.13354,-2.12637,-2.81372,5.21558,-2.13582
34.8,-2.80815,5.04858,-2.09637,-2.85406,5.07621,-2.10535
34.9,-2.85832,4.96207,-2.06637,-2.90672,4.99287,-2.07488
35,-2.90588,4.8741,-2.03637,-2.96223,4.91428,-2.0451
35.1,-2.95077,4.78475,-2.00637,-3.00759,4.85609,-2.01517
35.2,-2.99296,4.69408,-1.97637,-3.0698,4.71935,-1.98477
35.3,-3.03242,4.6022,-1.94637,-3.11917,4.61607,-1.95543
35.4,-3.0691,4.50917,-1.91637,-3.14126,4.51949,-1.92507
35.5,-3.10297,4.41508,-1.88637,-3.14372,4.4677,-1.89535
35.6,-3.13401,4.32002,-1.85637,-3.20851,4.37829,-1.86542
35.7,-3.16218,4.22407,-1.82637,-3.27134,4.3037,-1.83615
35.8,-3.18746,4.12731,-1.79637,-3.25625,4.23273,-1.80631
35.9,-3.20983,4.02985,-1.76637,-3.29274,4.11557,-1.77629
36,-3.22926,3.93175,-1.73637,-3.2869,4.05113,-1.74656
36.1,-3.24574,3.83312,-1.70637,-3.31206,3.97106,-1.7164
36.2,-3.25926,3.73404,-1.67637,-3.29564,3.87294,-1.68635
36.3,-3.26979,3.6346,-1.64637,-3.28124,3.76065,-1.65677
36.4,-3.27734,3.53488,-1.61637,-3.28738,3.62849,-1.62646
36.5,-3.2819,3.43499,-1.58637,-3.26343,3.55147,-1.5967
36.6,-3.28346,3.335,-1.55637,-3.26562,3.41346,-1.56713
36.7,-3.28202,3.23501,-1.52637,-3.25474,3.32883,-1.53712
36.8,-3.27757,3.13511,-1.49637,-3.2518,3.22291,-1.50653
36.9,-3.27014,3.03538,-1.46637,-3.26718,3.1127,-1.4765
37,-3.25971,2.93593,-1.43637,-3.2475,3.02773,-1.44637
37.1,-3.24631,2.83683,-1.40637,-3.22975,2.93787,-1.41623
37.2,-3.22994,2.73818,-1.37637,-3.19596,2.84422,-1.38638
37.3,-3.21062,2.64006,-1.34637,-3.16988,2.75742,-1.35659
37.4,-3.18837,2.54257,-1.31637,-3.1453,2.65965,-1.32644
37.5,-3.1632,2.44579,-1.28637,-3.11071,2.5716,-1.29663
37.6,-3.13514,2.34981,-1.25637,-3.07626,2.48723,-1.26624
37.7,-3.10421,2.25471,-1.22637,-3.03988,2.38593,-1.23633
37.8,-3.07045,2.16058,-1.19637,-3.02141,2.27972,-1.20635
37.9,-3.03387,2.06751,-1.16637,-2.98881,2.17392,-1.176
38,-2.99452,1.97558,-1.13637,-2.96671,2.06444,-1.14655
38.1,-2.95244,1.88487,-1.10637,-2.93308,1.96964,-1.1169
38.2,-2.90764,1.79546,-1.07637,-2.95769,1.87144,-1.08736
38.3,-2.86019,1.70744,-1.04637,-2.9502,1.76519,-1.05758
38.4,-2.81012,1.62087,-1.01637,-2.87801,1.66371,-1.0272
38.5,-2.75747,1.53585,-0.986371,-2.83929,1.58622,-0.997277
38.6,-2.7023,1.45245,-0.956371,-2.79041,1.52433,-0.966873
38.7,-2.64465,1.37074,-0.926371,-2.71073,1.439,-0.936729
38.8,-2.58458,1.2908,-0.896371,-2.6321,1.34782,-0.906995
38.9,-2.52213,1.21269,-0.866371,-2.60106,1.28896,-0.87682
39,-2.45737,1.13649,-0.836371,-2.50719,1.23387,-0.846734
39.1,-2.39036,1.06227,-0.806371,-2.42275,1.15208,-0.816383
39.2,-2.32115,0.990092,-0.776371,-2.3388,1.11469,-0.786169
39.3,-2.2498,0.920023,-0.746371,-2.26887,1.03126,-0.756003
39.4,-2.17638,0.852125,-0.716371,-2.20073,0.962225,-0.725426
39.5,-2.10097,0.78646,-0.686371,-2.09254,0.886664,-0.695397
39.6,-2.02361,0.723086,-0.656371,-2.00064,0.827128,-0.665289
39.7,-1.94439,0.662062,-0.626371,-1.90895,0.784036,-0.634764
39.8,-1.86337,0.603441,-0.596371,-1.83339,0.720489,-0.60472
39.9,-1.78063,0.547276,-0.566371,-1.74578,0.655858,-0.574426
40,-1.69625,0.493619,-0.536371,-1.64613,0.596218,-0.544814
40.1,-1.61029,0.442517,-0.506371,-1.57425,0.571874,-0.514231
40.2,-1.52284,0.394017,-0.476371,-1.46598,0.518234,-0.484318
40.3,-1.43398,0.348161,-0.446371,-1.38769,0.468525,-0.454182
40.4,-1.34377,0.304991,-0.416371,-1.3048,0.381561,-0.424154
40.5,-1.25232,0.264547,-0.386371,-1.20994,0.328951,-0.394611
40.6,-1.15969,0.226864,-0.356371,-1.08493,0.266887,-0.364678
40.7,-1.06597,0.191977,-0.326371,-0.997477,0.222336,-0.335082
40.8,-0.97125,0.159916,-0.296371,-0.869239,0.188454,-0.305254
40.9,-0.87561,0.130711,-0.266371,-0.77302,0.149427,-0.275467
41,-0.779137,0.104388,-0.236371,-0.655094,0.14415,-0.245325
41.1,-0.681917,0.08097,-0.206371,-0.550487,0.0737432,-0.215323
41.2,-0.584039,0.0604791,-0.176371,-0.485874,0.0882471,-0.185308
41.3,-0.485591,0.0429333,-0.146371,-0.419422,0.0575689,-0.155442
41.4,-0.38666,0.0283485,-0.116371,-0.301249,0.0550131,-0.125208
41.5,-0.287336,0.0167376,-0.0863706,-0.222908,0.029907,-0.0951763
41.6,-0.187709,0.00811132,-0.0563706,-0.131467,0.0328938,-0.0651604
41.7,-0.0878679,0.00247724,-0.0263706,-0.0389051,0.0268086,-0.0353034
41.8,0.0120973,-0.000159516,0.00362939,0.0661937,0.0401185,-0.005175
41.9,0.112097,0.000203421,0.0336294,0.162766,0.0703619,0.0251207
42,0.21204,0.00356573,0.0636294,0.26633,0.0969413,0.0548936
42.1,0.311838,0.00992437,0.0936294,0.344535,0.0860675,0.0849792
42.2,0.4114,0.0192736,0.123629,0.432212,0.0893778,0.115081
42.3,0.510637,0.0316051,0.153629,0.534605,0.0945617,0.144636
42.4,0.609459,0.0469077,0.183629,0.631467,0.114599,0.175095
42.5,0.707778,0.0651676,0.213629,0.716732,0.120382,0.204913
42.6,0.805504,0.0863684,0.243629,0.843185,0.138248,0.234853
42.7,0.902551,0.110491,0.273629,0.928131,0.145838,0.265013
42.8,0.998831,0.137514,0.303629,1.01554,0.164202,0.295265
42.9,1.09426,0.167412,0.333629,1.0879,0.181598,0.325295
43,1.18874,0.20016,0.363629,1.17504,0.249887,0.355693
43.1,1.2822,0.235727,0.393629,1.25465,0.283461,0.385931
43.2,1.37456,0.274081,0.423629,1.32705,0.315172,0.415986
43.3,1.46572,0.315188,0.453629,1.41285,0.393228,0.445723
43.4,1.5556,0.359011,0.483629,1.49996,0.423004,0.475873
43.5,1.64413,0.405511,0.513629,1.63522,0.478717,0.505702
43.6,1.73123,0.454645,0.543629,1.72572,0.559561,0.535763
43.7,1.81681,0.506369,0.573629,1.81003,0.581929,0.56544
43.8,1.90081,0.560638,0.603629,1.88482,0.645116,0.595273
43.9,1.98314,0.617401,0.633629,1.97543,0.668984,0.624812
44,2.06372,0.676609,0.663629,2.02622,0.745576,0.655077
44.1,2.1425,0.738207,0.693629,2.11304,0.827121,0.685433
44.2,2.21939,0.80214,0.723629,2.20392,0.853463,0.715442
44.3,2.29433,0.868351,0.753629,2.27107,0.925446,0.745508
44.4,2.36726,0.93678,0.783629,2.34204,1.00747,0.775695
44.5,2.43809,1.00737,0.813629,2.39644,1.06079,0.805573
44.6,2.50678,1.08004,0.843629,2.48276,1.14434,0.836155
44.7,2.57325,1.15475,0.873629,2.56159,1.1966,0.866169
44.8,2.63746,1.23142,0.903629,2.6438,1.24655,0.896279
44.9,2.69933,1.30997,0.933629,2.72753,1.30757,0.926131
45,2.75883,1.39035,0.963629,2.76288,1.408,0.956459
45.1,2.81588,1.47248,0.993629,2.79002,1.50386,0.98643
45.2,2.87045,1.55628,1.02363,2.82716,1.59486,1.0167
45.3,2.92247,1.64168,1.05363,2.90291,1.65062,1.0466
45.4,2.97191,1.7286,1.08363,2.96354,1.73826,1.07635
45.5,3.01873,1.81697,1.11363,3.02654,1.83688,1.10649
45.6,3.06287,1.9067,1.14363,3.05282,1.94394,1.13665
45.7,3.1043,1.99771,1.17363,3.12026,2.03353,1.16632
45.8,3.14298,2.08993,1.20363,3.20885,2.12103,1.19623
45.9,3.17888,2.18326,1.23363,3.24865,2.21538,1.22625
46,3.21196,2.27763,1.26363,3.24874,2.31501,1.25613
46.1,3.24219,2.37295,1.29363,3.27903,2.38432,1.28634
46.2,3.26956,2.46914,1.32363,3.2752,2.4584,1.31632
46.3,3.29402,2.5661,1.35363,3.30056,2.56857,1.34597
46.4,3.31557,2.66375,1.38363,3.34693,2.6361,1.3761
46.5,3.33418,2.762,1.41363,3.38224,2.74025,1.40598
46.6,3.34983,2.86077,1.44363,3.40896,2.85983,1.43604
46.7,3.36251,2.95996,1.47363,3.41131,2.9276,1.46588
46.8,3.37221,3.05949,1.50363,3.44965,3.03137,1.49581
46.9,3.37892,3.15927,1.53363,3.43457,3.14917,1.52565
47,3.38264,3.2592,1.56363,3.45225,3.23104,1.55609
47.1,3.38336,3.35919,1.59363,3.4487,3.34179,1.58607
47.2,3.38107,3.45917,1.62363,3.42567,3.44447,1.6162
47.3,3.37579,3.55903,1.65363,3.43178,3.56251,1.64609
47.4,3.36752,3.65869,1.68363,3.44558,3.6364,1.67601
47.5,3.35626,3.75805,1.71363,3.39772,3.74911,1.70599
47.6,3.34202,3.85703,1.74363,3.37638,3.88721,1.73549
47.7,3.32483,3.95554,1.77363,3.34185,3.96495,1.76521
47.8,3.30468,4.05349,1.80363,3.35065,4.04687,1.79525
47.9,3.28161,4.15079,1.83363,3.32765,4.14082,1.82498
48,3.25563,4.24736,1.86363,3.26961,4.29435,1.8555
48.1,3.22676,4.3431,1.89363,3.24849,4.37863,1.88552
48.2,3.19503,4.43794,1.92363,3.19923,4.4397,1.91551
48.3,3.16048,4.53178,1.95363,3.17107,4.48384,1.9454
48.4,3.12312,4.62454,1.98363,3.1259,4.5544,1.97525
48.5,3.083,4.71614,2.01363,3.09612,4.64203,2.00559
48.6,3.04015,4.80649,2.04363,3.07219,4.70656,2.03573
48.7,2.99461,4.89552,2.07363,3.03288,4.79476,2.0656
48.8,2.94642,4.98314,2.10363,2.98232,4.93884,2.09544
48.9,2.89562,5.06928,2.13363,2.92866,5.03052,2.12569
49,2.84227,5.15385,2.16363,2.87549,5.06717,2.15574
49.1,2.78639,5.23679,2.19363,2.82167,5.18211,2.18576
49.2,2.72806,5.31801,2.22363,2.77567,5.30373,2.21608
49.3,2.66732,5.39745,2.25363,2.72353,5.37064,2.24619
49.4,2.60422,5.47503,2.28363,2.64227,5.43191,2.27599
49.5,2.53882,5.55068,2.31363,2.57755,5.54074,2.30575
49.6,2.47118,5.62433,2.34363,2.50191,5.63475,2.33548
49.7,2.40136,5.69593,2.37363,2.44144,5.68654,2.36578
49.8,2.32943,5.76539,2.40363,2.3745,5.78387,2.39548
49.9,2.25545,5.83267,2.43363,2.29835,5.82698,2.42551
