t,true_px,true_py,meas_px,meas_py,est_px,est_py
0,0,0,-0.275117,0.257717,-0.268408,0.251431
0.01,0.01,0.005,0.24693,0.689225,-0.013338,0.468122
0.02,0.02,0.01,-0.438413,-0.0520736,-0.154919,0.294836
0.03,0.03,0.015,-0.975481,-0.231402,-0.362475,0.161672
0.04,0.04,0.02,0.23629,-0.444592,-0.239934,0.0367816
0.05,0.05,0.025,0.0899159,-0.0547582,-0.182425,0.0200272
0.06,0.06,0.03,0.0711109,-0.183896,-0.14335,-0.012103
0.07,0.07,0.035,-0.195909,-0.0237378,-0.15012,-0.0148119
0.08,0.08,0.04,0.191039,-0.343988,-0.106415,-0.057702
0.09,0.09,0.045,0.161232,0.0276739,-0.0737706,-0.0491855
0.1,0.1,0.05,0.66717,-0.00237277,0.0108178,-0.0454042
0.11,0.11,0.055,-0.152561,1.01139,-0.0041306,0.0670267
0.12,0.12,0.06,-0.89336,0.619712,-0.0945144,0.125279
0.13,0.13,0.065,0.519596,-0.485549,-0.0315123,0.0648814
0.14,0.14,0.07,0.705114,0.256559,0.0439821,0.0844598
0.15,0.15,0.075,-0.0432365,-0.504385,0.0389386,0.0271912
0.16,0.16,0.08,0.443056,-0.272227,0.0818509,-0.00269501
0.17,0.17,0.085,-0.51897,-0.0915583,0.0276889,-0.0126806
0.18,0.18,0.09,-0.0507329,0.123329,0.0228484,-0.00102476
0.19,0.19,0.095,0.101857,0.695446,0.0330784,0.0654032
0.2,0.2,0.1,0.549199,0.0141856,0.0859779,0.0611633
0.21,0.21,0.105,-0.243593,0.699313,0.058135,0.123813
0.22,0.22,0.11,0.612766,1.43801,0.115423,0.254243
0.23,0.23,0.115,0.361743,0.935886,0.144305,0.326945
0.24,0.24,0.12,0.470408,0.162962,0.181729,0.319034
0.25,0.25,0.125,-0.504979,0.485751,0.120934,0.342983
0.26,0.26,0.13,-0.16171,-0.126663,0.0976578,0.305
0.27,0.27,0.135,0.248232,-0.00265044,0.11605,0.281483
0.28,0.28,0.14,-0.501533,-0.257816,0.0594162,0.234281
0.29,0.29,0.145,0.755292,0.483884,0.130025,0.263004
0.3,0.3,0.15,0.64922,0.236801,0.185246,0.265333
0.31,0.31,0.155,0.641142,0.275561,0.23568,0.27115
0.32,0.32,0.16,0.235897,0.742384,0.242656,0.322177
0.33,0.33,0.165,0.207126,-0.219834,0.246113,0.275245
0.34,0.34,0.17,0.946086,0.786748,0.321327,0.329841
0.35,0.35,0.175,-0.437078,0.493976,0.256086,0.35184
0.36,0.36,0.18,-0.662212,0.71474,0.173407,0.39356
0.37,0.37,0.185,-0.0968814,0.577104,0.151368,0.418734
0.38,0.38,0.19,0.0725621,0.356446,0.147207,0.420541
0.39,0.39,0.195,-0.300359,0.0545969,0.107295,0.392903
0.4,0.4,0.2,0.370091,0.680587,0.134653,0.427252
0.41,0.41,0.205,1.30714,0.495345,0.249737,0.441182
0.42,0.42,0.21,0.568825,-0.304058,0.285868,0.377584
0.43,0.43,0.215,-0.279298,0.310168,0.23853,0.376879
0.44,0.44,0.22,0.507877,0.524045,0.269118,0.396365
0.45,0.45,0.225,0.802491,0.405462,0.325194,0.403097
0.46,0.46,0.23,-0.273484,0.676315,0.275764,0.434698
0.47,0.47,0.235,0.417371,-0.242673,0.294567,0.37766
0.48,0.48,0.24,0.272618,-0.45937,0.298349,0.304344
0.49,0.49,0.245,0.31796,0.620393,0.305947,0.3368
0.5,0.5,0.25,0.336187,-0.180799,0.314557,0.292467
0.51,0.51,0.255,0.380908,0.485478,0.326554,0.312885
0.52,0.52,0.26,-0.154695,-0.249536,0.288166,0.263999
0.53,0.53,0.265,0.593506,-0.359722,0.321165,0.208416
0.54,0.54,0.27,1.51256,0.193332,0.435911,0.207436
0.55,0.55,0.275,0.0965064,-0.133677,0.413015,0.176645
0.56,0.56,0.28,0.318439,-0.00491419,0.411776,0.159758
0.57,0.57,0.285,-0.4758,0.91687,0.338336,0.227783
0.58,0.58,0.29,0.572258,0.276312,0.364828,0.233018
0.59,0.59,0.295,0.998937,-0.232302,0.427873,0.191932
0.6,0.6,0.3,0.220836,0.528708,0.416284,0.222256
0.61,0.61,0.305,0.577811,0.477451,0.437423,0.245853
0.62,0.62,0.31,0.579956,0.18931,0.457136,0.241965
0.63,0.63,0.315,1.34676,0.847897,0.543893,0.297212
0.64,0.64,0.32,-0.60938,1.06016,0.449953,0.367542
0.65,0.65,0.325,1.72936,0.940889,0.570524,0.422341
0.66,0.66,0.33,0.552838,-0.0145971,0.578107,0.388389
0.67,0.67,0.335,1.03392,0.0254653,0.627625,0.36022
0.68,0.68,0.34,0.85808,0.32906,0.657984,0.360764
0.69,0.69,0.345,1.29903,0.150271,0.724999,0.345406
0.7,0.7,0.35,0.478599,0.539113,0.71486,0.365316
0.71,0.71,0.355,1.67692,0.395485,0.81066,0.371163
0.72,0.72,0.36,0.511772,0.788752,0.797284,0.411111
0.73,0.73,0.365,1.08906,-0.110736,0.835203,0.369329
0.74,0.74,0.37,0.47192,0.918264,0.816196,0.420476
0.75,0.75,0.375,0.964006,-0.859849,0.841263,0.312469
0.76,0.76,0.38,1.00099,0.843228,0.867607,0.36053
0.77,0.77,0.385,0.351209,0.723593,0.835177,0.394874
0.78,0.78,0.39,1.71616,0.588187,0.923678,0.415043
0.79,0.79,0.395,0.477192,0.133769,0.898061,0.394202
0.8,0.8,0.4,0.806517,0.588885,0.902526,0.41428
0.81,0.81,0.405,0.841412,0.655798,0.909453,0.438763
0.82,0.82,0.41,0.746527,0.500311,0.907408,0.44803
0.83,0.83,0.415,1.31241,-0.117416,0.954336,0.402992
0.84,0.84,0.42,0.894356,0.472882,0.961634,0.412043
0.85,0.85,0.425,1.31033,0.311639,1.00421,0.406458
0.86,0.86,0.43,1.18652,0.981344,1.03296,0.459148
0.87,0.87,0.435,-0.0549014,1.01932,0.952134,0.51156
0.88,0.88,0.44,0.387309,-0.10697,0.914601,0.463049
0.89,0.89,0.445,-0.549728,0.0434111,0.798356,0.430633
0.9,0.9,0.45,0.897572,0.258338,0.814534,0.418835
0.91,0.91,0.455,0.678737,-0.101249,0.810591,0.37672
0.92,0.92,0.46,1.35361,0.939207,0.86494,0.427058
0.93,0.93,0.465,1.13906,-0.478264,0.897042,0.351847
0.94,0.94,0.47,2.07667,0.543487,1.00762,0.369568
0.95,0.95,0.475,1.2198,-0.274148,1.03692,0.315678
0.96,0.96,0.48,0.954278,0.686677,1.04119,0.348016
0.97,0.97,0.485,0.899551,0.921081,1.04022,0.398387
0.98,0.98,0.49,1.63017,-0.181762,1.10191,0.350556
0.99,0.99,0.495,1.41506,0.69217,1.14081,0.380972
1,1,0.5,0.997652,-0.285406,1.141,0.325333
1.01,1.01,0.505,1.74992,0.703387,1.20555,0.358283
1.02,1.02,0.51,0.128374,0.388433,1.12629,0.362002
1.03,1.03,0.515,1.19361,0.768288,1.14342,0.398077
1.04,1.04,0.52,0.976198,0.690795,1.1405,0.425107
1.05,1.05,0.525,2.10944,1.29827,1.23481,0.502472
1.06,1.06,0.53,0.58524,0.231551,1.19188,0.483163
1.07,1.07,0.535,1.0144,-0.339535,1.18829,0.416028
1.08,1.08,0.54,0.409298,-0.270847,1.13277,0.359103
1.09,1.09,0.545,0.51614,1.2398,1.0898,0.435435
1.1,1.1,0.55,0.67238,0.0364691,1.06281,0.403557
1.11,1.11,0.555,1.55142,0.330348,1.11277,0.398911
1.12,1.12,0.56,1.32932,0.19591,1.14025,0.383007
1.13,1.13,0.565,0.229056,0.798859,1.07141,0.419794
1.14,1.14,0.57,0.364283,0.314753,1.01845,0.41266
1.15,1.15,0.575,0.783524,0.672673,1.00471,0.436623
1.16,1.16,0.58,0.882028,0.516133,1.00017,0.44557
1.17,1.17,0.585,0.389721,1.58517,0.953606,0.545482
1.18,1.18,0.59,0.579934,1.19069,0.926253,0.605023
1.19,1.19,0.595,1.26492,0.665454,0.95926,0.615589
1.2,1.2,0.6,1.37721,-0.340156,0.999642,0.539209
1.21,1.21,0.605,1.6932,0.349528,1.06435,0.526761
1.22,1.22,0.61,1.8252,0.534382,1.13602,0.530872
1.23,1.23,0.615,1.04274,-0.0306081,1.13587,0.486254
1.24,1.24,0.62,0.857245,0.831157,1.11967,0.518263
1.25,1.25,0.625,0.596043,-0.3703,1.08198,0.445253
1.26,1.26,0.63,0.831226,1.05,1.06673,0.498543
1.27,1.27,0.635,2.16065,0.296292,1.16616,0.483795
1.28,1.28,0.64,0.505586,0.468435,1.11728,0.484689
1.29,1.29,0.645,1.38193,0.933949,1.14644,0.525326
1.3,1.3,0.65,2.36732,0.763424,1.25791,0.548668
1.31,1.31,0.655,2.13773,0.423537,1.3423,0.541328
1.32,1.32,0.66,1.36328,0.363559,1.3547,0.529258
1.33,1.33,0.665,0.989998,0.533297,1.3341,0.532432
1.34,1.34,0.67,1.19967,0.368012,1.33256,0.52119
1.35,1.35,0.675,1.07537,1.2234,1.32025,0.583827
1.36,1.36,0.68,2.41656,0.430797,1.42332,0.574491
1.37,1.37,0.685,1.2078,0.947305,1.41601,0.609884
1.38,1.38,0.69,2.97352,0.732082,1.56004,0.624474
1.39,1.39,0.695,1.87632,1.46724,1.60056,0.700935
1.4,1.4,0.7,1.57203,1.16312,1.61209,0.746292
1.41,1.41,0.705,1.71392,1.22126,1.6347,0.79354
1.42,1.42,0.71,0.902799,0.812141,1.58612,0.802553
1.43,1.43,0.715,1.67061,0.948529,1.60609,0.822484
1.44,1.44,0.72,2.00851,0.943445,1.65339,0.840516
1.45,1.45,0.725,0.877526,1.02066,1.60054,0.863808
1.46,1.46,0.73,1.01846,0.380311,1.5629,0.830614
1.47,1.47,0.735,1.26075,0.679291,1.54816,0.824982
1.48,1.48,0.74,0.708137,1.29845,1.48685,0.872532
1.49,1.49,0.745,0.912242,1.53006,1.44676,0.936646
1.5,1.5,0.75,0.937524,1.39096,1.41125,0.984507
1.51,1.51,0.755,1.49579,-0.103212,1.42563,0.901203
1.52,1.52,0.76,0.998519,1.42324,1.39637,0.953714
1.53,1.53,0.765,1.75432,0.725634,1.43352,0.942941
1.54,1.54,0.77,0.431619,1.46478,1.35493,0.995917
1.55,1.55,0.775,2.48521,1.61901,1.45701,1.05845
1.56,1.56,0.78,1.25238,0.9714,1.44684,1.0613
1.57,1.57,0.785,1.81607,0.0212737,1.4854,0.982439
1.58,1.58,0.79,1.67025,1.32552,1.50881,1.02008
1.59,1.59,0.795,1.97224,0.239418,1.55637,0.962155
1.6,1.6,0.8,1.16869,1.1953,1.5319,0.989589
1.61,1.61,0.805,1.92643,-0.322079,1.57366,0.885246
1.62,1.62,0.81,0.391703,0.771734,1.48122,0.881106
1.63,1.63,0.815,1.33517,0.665849,1.47533,0.868051
1.64,1.64,0.82,1.43435,1.31201,1.47815,0.91101
1.65,1.65,0.825,1.70178,0.958818,1.50353,0.920842
1.66,1.66,0.83,0.988844,-0.852048,1.46612,0.774975
1.67,1.67,0.835,2.23177,1.9066,1.53734,0.874495
1.68,1.68,0.84,1.50871,0.964657,1.54193,0.886886
1.69,1.69,0.845,1.85226,1.68265,1.57546,0.959793
1.7,1.7,0.85,2.14449,1.09803,1.63165,0.977828
1.71,1.71,0.855,1.73779,0.885116,1.64922,0.976334
1.72,1.72,0.86,1.00027,0.668256,1.60236,0.95624
1.73,1.73,0.865,2.1731,0.748148,1.65869,0.94415
1.74,1.74,0.87,1.76218,0.281936,1.67603,0.892832
1.75,1.75,0.875,1.97275,0.144122,1.71007,0.832946
1.76,1.76,0.88,1.90494,0.786388,1.7359,0.831815
1.77,1.77,0.885,0.898357,1.41974,1.67373,0.884879
1.78,1.78,0.89,1.69807,1.82039,1.68381,0.968704
1.79,1.79,0.895,2.52913,0.455266,1.76415,0.930194
1.8,1.8,0.9,1.40414,0.314012,1.74284,0.881986
1.81,1.81,0.905,1.01677,0.693911,1.68956,0.869318
1.82,1.82,0.91,2.54187,-0.0474536,1.77003,0.793972
1.83,1.83,0.915,2.25597,1.29917,1.82064,0.838671
1.84,1.84,0.92,2.11735,1.28659,1.85588,0.87935
1.85,1.85,0.925,1.29789,1.30579,1.81851,0.91897
1.86,1.86,0.93,1.58537,-0.299597,1.80793,0.818595
1.87,1.87,0.935,1.89871,0.512946,1.82463,0.794184
1.88,1.88,0.94,2.55941,0.796827,1.89658,0.795611
1.89,1.89,0.945,1.9128,1.13959,1.90832,0.826242
1.9,1.9,0.95,1.7663,0.898079,1.90652,0.83419
1.91,1.91,0.955,2.33179,0.421839,1.953,0.800836
1.92,1.92,0.96,1.56909,0.476444,1.93097,0.774283
1.93,1.93,0.965,2.64838,0.61415,2.00247,0.761213
1.94,1.94,0.97,1.86836,0.669698,2.00235,0.753732
1.95,1.95,0.975,1.79591,0.606285,1.99579,0.741306
1.96,1.96,0.98,2.19136,0.459575,2.02324,0.717132
1.97,1.97,0.985,1.29377,0.70579,1.97188,0.715599
1.98,1.98,0.99,1.58088,0.321078,1.94817,0.681265
1.99,1.99,0.995,1.82831,0.164941,1.94696,0.635821
2,2,1,2.86387,0.253699,2.03422,0.600958
2.01,2.01,1.005,1.68685,0.803223,2.0149,0.615427
2.02,2.02,1.01,2.86234,0.144842,2.09717,0.572691
2.03,2.03,1.015,2.10103,1.53358,2.10874,0.651603
2.04,2.04,1.02,1.88513,0.435091,2.10083,0.631473
2.05,2.05,1.025,1.99601,1.78855,2.10268,0.728481
2.06,2.06,1.03,1.75211,1.74809,2.08329,0.815755
2.07,2.07,1.035,2.19933,1.65126,2.10319,0.889062
2.08,2.08,1.04,2.18934,0.797812,2.12072,0.88454
2.09,2.09,1.045,2.90943,1.15762,2.19848,0.911022
2.1,2.1,1.05,2.18321,1.45378,2.20882,0.961047
2.11,2.11,1.055,2.57208,1.46143,2.2515,1.00839
2.12,2.12,1.06,1.44464,0.741382,2.19468,0.990946
2.13,2.13,1.065,1.80174,0.67546,2.17184,0.968877
2.14,2.14,1.07,1.70395,0.734488,2.14188,0.953186
2.15,2.15,1.075,2.31797,1.3222,2.16618,0.988699
2.16,2.16,1.08,2.15918,0.866984,2.1751,0.982867
2.17,2.17,1.085,2.80773,1.03922,2.23872,0.992047
2.18,2.18,1.09,2.64854,0.805337,2.28436,0.980523
2.19,2.19,1.095,2.39686,1.76604,2.30526,1.05184
2.2,2.2,1.1,0.895606,0.772457,2.19611,1.03342
2.21,2.21,1.105,2.50687,1.71141,2.23166,1.0964
2.22,2.22,1.11,2.32156,1.13479,2.24884,1.10584
2.23,2.23,1.115,3.03529,1.752,2.32576,1.16734
2.24,2.24,1.12,1.80571,1.17821,2.29225,1.1756
2.25,2.25,1.125,2.43008,1.9843,2.3141,1.25212
2.26,2.26,1.13,2.69304,1.07821,2.3568,1.24598
2.27,2.27,1.135,2.38004,0.193058,2.36971,1.16431
2.28,2.28,1.14,2.76431,1.46287,2.41441,1.19641
2.29,2.29,1.145,2.89608,1.07298,2.46723,1.19292
2.3,2.3,1.15,2.36402,0.909331,2.47083,1.1755
2.31,2.31,1.155,1.73597,0.853872,2.42018,1.15431
2.32,2.32,1.16,1.41035,1.6173,2.34471,1.19967
2.33,2.33,1.165,1.24256,2.18107,2.25955,1.29019
2.34,2.34,1.17,1.45794,1.91994,2.19815,1.35232
2.35,2.35,1.175,1.89597,1.45552,2.17807,1.37049
2.36,2.36,1.18,1.98378,2.01687,2.16668,1.4353
2.37,2.37,1.185,2.39185,1.72184,2.19082,1.47043
2.38,2.38,1.19,2.41802,1.36648,2.21552,1.47263
2.39,2.39,1.195,2.69805,0.930638,2.26246,1.43716
2.4,2.4,1.2,1.75985,0.549198,2.22594,1.37112
2.41,2.41,1.205,2.43542,0.96068,2.24946,1.34436
2.42,2.42,1.21,1.34707,1.46647,2.17821,1.36243
2.43,2.43,1.215,1.82076,0.634837,2.15199,1.308
2.44,2.44,1.22,2.41919,0.769942,2.17857,1.2685
2.45,2.45,1.225,2.51125,2.21173,2.21122,1.35477
2.46,2.46,1.23,2.27047,0.70021,2.22105,1.30599
2.47,2.47,1.235,2.56075,0.847384,2.25497,1.27282
2.48,2.48,1.24,2.49188,1.39782,2.28068,1.28876
2.49,2.49,1.245,2.4724,1.27328,2.30292,1.29289
2.5,2.5,1.25,2.59605,2.04856,2.33417,1.36295
2.51,2.51,1.255,2.38354,1.31872,2.34506,1.3659
2.52,2.52,1.26,2.95342,1.49552,2.40385,1.38362
2.53,2.53,1.265,2.3509,1.71593,2.40711,1.4189
2.54,2.54,1.27,2.10438,1.15663,2.3889,1.40389
2.55,2.55,1.275,2.16446,1.56309,2.37684,1.42445
2.56,2.56,1.28,3.1548,1.39167,2.45013,1.42886
2.57,2.57,1.285,2.60763,0.847496,2.47169,1.38626
2.58,2.58,1.29,2.22872,0.69337,2.45925,1.33309
2.59,2.59,1.295,1.50166,1.09948,2.38522,1.318
2.6,2.6,1.3,2.45095,2.38642,2.39706,1.41387
2.61,2.61,1.305,3.39141,1.58282,2.48844,1.43465
2.62,2.62,1.31,3.66224,2.00545,2.59691,1.4901
2.63,2.63,1.315,1.62622,1.84873,2.52394,1.52838
2.64,2.64,1.32,2.99573,1.17531,2.57267,1.50638
2.65,2.65,1.325,1.9424,1.6227,2.52792,1.52391
2.66,2.66,1.33,1.62044,1.31926,2.45833,1.51417
2.67,2.67,1.335,2.36145,0.705579,2.4565,1.45239
2.68,2.68,1.34,3.2744,1.31935,2.53274,1.44697
2.69,2.69,1.345,2.77698,1.79894,2.56132,1.4828
2.7,2.7,1.35,2.6956,1.57571,2.58091,1.49708
2.71,2.71,1.355,3.11793,1.63838,2.63517,1.51564
2.72,2.72,1.36,2.86299,2.25156,2.6639,1.58531
2.73,2.73,1.365,3.35099,1.32212,2.73231,1.57078
2.74,2.74,1.37,2.28515,1.68931,2.70486,1.58843
2.75,2.75,1.375,2.85793,2.2295,2.72796,1.65098
2.76,2.76,1.38,3.25375,1.7621,2.78319,1.66929
2.77,2.77,1.385,2.77648,0.947151,2.79377,1.6165
2.78,2.78,1.39,2.68102,1.62841,2.79524,1.62523
2.79,2.79,1.395,1.92521,2.01586,2.73171,1.66636
2.8,2.8,1.4,3.83352,0.42753,2.83533,1.56875
2.81,2.81,1.405,2.10989,1.51983,2.78453,1.57077
2.82,2.82,1.41,2.52871,1.54045,2.77262,1.57427
2.83,2.83,1.415,2.79416,0.903091,2.78397,1.52289
2.84,2.84,1.42,3.4842,1.65226,2.85341,1.53881
2.85,2.85,1.425,2.57013,2.17751,2.83991,1.59852
2.86,2.86,1.43,2.6058,0.80908,2.8301,1.53715
2.87,2.87,1.435,2.96176,1.61158,2.85116,1.5483
2.88,2.88,1.44,3.14596,1.78818,2.88638,1.57373
2.89,2.89,1.445,3.14806,1.68275,2.91927,1.58837
2.9,2.9,1.45,2.61312,1.10963,2.90401,1.55291
2.91,2.91,1.455,3.28118,1.57673,2.94666,1.55959
2.92,2.92,1.46,3.33012,0.606361,2.99048,1.48272
2.93,2.93,1.465,2.67961,2.41851,2.97556,1.56578
2.94,2.94,1.47,3.21627,1.61778,3.00725,1.57486
2.95,2.95,1.475,3.30396,2.57923,3.04414,1.66551
2.96,2.96,1.48,3.95902,0.69024,3.13441,1.58853
2.97,2.97,1.485,2.36475,0.678295,3.08214,1.51541
2.98,2.98,1.49,2.60645,1.51746,3.05365,1.51873
2.99,2.99,1.495,3.11101,0.729761,3.06991,1.45437
3,3,1.5,2.06632,1.1176,2.99548,1.42732
3.01,3.01,1.505,3.46809,2.05018,3.04556,1.48177
3.02,3.02,1.51,3.87291,1.49383,3.1268,1.48505
3.03,3.03,1.515,3.44408,2.01995,3.16583,1.53308
3.04,3.04,1.52,2.79157,1.71392,3.14623,1.55175
3.05,3.05,1.525,3.37935,1.07042,3.17792,1.51408
3.06,3.06,1.53,3.88105,1.51059,3.2502,1.51644
3.07,3.07,1.535,3.11352,1.06133,3.25184,1.48016
3.08,3.08,1.54,2.69029,0.441743,3.21686,1.39317
3.09,3.09,1.545,3.11758,2.79784,3.22043,1.51337
3.1,3.1,1.55,2.59069,3.0381,3.17842,1.6463
3.11,3.11,1.555,3.81713,1.31821,3.2438,1.62338
3.12,3.12,1.56,3.13363,1.49245,3.24621,1.61674
3.13,3.13,1.565,3.98308,1.82351,3.32087,1.63876
3.14,3.14,1.57,3.73099,1.74909,3.36885,1.65287
3.15,3.15,1.575,3.09401,1.73821,3.35891,1.66504
3.16,3.16,1.58,2.95653,0.853898,3.33756,1.60065
3.17,3.17,1.585,3.57684,0.834418,3.37038,1.53867
3.18,3.18,1.59,3.04558,1.37007,3.35533,1.52647
3.19,3.19,1.595,3.51168,2.37735,3.38085,1.6012
3.2,3.2,1.6,3.80249,1.93621,3.42932,1.63327
3.21,3.21,1.605,2.89506,1.51327,3.39673,1.627
3.22,3.22,1.61,3.05536,1.37486,3.37967,1.6092
3.23,3.23,1.615,3.02877,1.40043,3.36118,1.59467
3.24,3.24,1.62,3.00329,2.09594,3.34146,1.64051
3.25,3.25,1.625,2.72268,1.26026,3.29877,1.6118
3.26,3.26,1.63,2.4683,2.33774,3.23687,1.67707
3.27,3.27,1.635,2.87175,1.96539,3.21331,1.70615
3.28,3.28,1.64,3.51766,2.29942,3.24637,1.76182
3.29,3.29,1.645,3.18499,1.17123,3.24866,1.71723
3.3,3.3,1.65,2.52213,0.257682,3.19393,1.59726
3.31,3.31,1.655,3.39068,2.04274,3.21689,1.63771
3.32,3.32,1.66,3.55584,0.895118,3.25236,1.57729
3.33,3.33,1.665,3.84941,1.31589,3.31049,1.55673
3.34,3.34,1.67,2.88655,1.30968,3.2823,1.53694
3.35,3.35,1.675,3.3892,0.932649,3.29877,1.48615
3.36,3.36,1.68,3.34148,1.89472,3.30992,1.52096
3.37,3.37,1.685,3.92366,1.77298,3.36998,1.54309
3.38,3.38,1.69,2.71019,1.76445,3.32215,1.56303
3.39,3.39,1.695,2.85987,1.13603,3.29004,1.52789
3.4,3.4,1.7,2.71865,0.744373,3.24778,1.4615
3.41,3.41,1.705,3.12642,2.26944,3.24301,1.52989
3.42,3.42,1.71,4.54824,1.42321,3.36006,1.52145
3.43,3.43,1.715,3.97305,1.51771,3.42016,1.52163
3.44,3.44,1.72,2.61463,2.07047,3.35997,1.56907
3.45,3.45,1.725,3.56741,2.63401,3.385,1.66163
3.46,3.46,1.73,2.69266,3.12802,3.33341,1.79039
3.47,3.47,1.735,4.26586,1.72604,3.4196,1.79075
3.48,3.48,1.74,3.33068,1.3821,3.42003,1.76153
3.49,3.49,1.745,3.54487,1.65303,3.43857,1.75727
3.5,3.5,1.75,3.7569,1.60282,3.47387,1.74887
3.51,3.51,1.755,4.21748,1.81752,3.54609,1.75928
3.52,3.52,1.76,3.39159,2.27214,3.54277,1.80781
3.53,3.53,1.765,2.71874,1.93549,3.48187,1.82427
3.54,3.54,1.77,3.55279,1.06457,3.49608,1.76503
3.55,3.55,1.775,2.69575,2.28017,3.43586,1.81351
3.56,3.56,1.78,4.0414,1.86628,3.4945,1.82333
3.57,3.57,1.785,4.42833,2.00548,3.58227,1.8443
3.58,3.58,1.79,4.2049,2.00016,3.64504,1.86333
3.59,3.59,1.795,3.4521,1.26623,3.6391,1.8182
3.6,3.6,1.8,3.29828,1.67144,3.62016,1.81054
3.61,3.61,1.805,4.29158,2.18996,3.6872,1.84764
3.62,3.62,1.81,3.78516,2.245,3.70633,1.88692
3.63,3.63,1.815,3.89369,1.94597,3.73326,1.89795
3.64,3.64,1.82,2.89067,2.38958,3.67239,1.94607
3.65,3.65,1.825,3.42074,2.36927,3.66057,1.98919
3.66,3.66,1.83,4.25261,1.49498,3.72048,1.95455
3.67,3.67,1.835,4.14486,1.65451,3.76706,1.93564
3.68,3.68,1.84,3.50248,1.96874,3.75542,1.9447
3.69,3.69,1.845,3.83224,1.86428,3.77251,1.94409
3.7,3.7,1.85,3.03286,1.78928,3.71985,1.93696
3.71,3.71,1.855,4.84924,0.462998,3.82579,1.81669
3.72,3.72,1.86,4.15487,2.38856,3.86521,1.86886
3.73,3.73,1.865,3.05083,1.63028,3.80737,1.85269
3.74,3.74,1.87,3.23964,2.79698,3.76917,1.93729
3.75,3.75,1.875,4.30151,2.45071,3.82408,1.98667
3.76,3.76,1.88,3.82032,2.53605,3.83404,2.04002
3.77,3.77,1.885,3.76588,2.56458,3.83846,2.09219
3.78,3.78,1.89,3.70565,1.55038,3.83721,2.05404
3.79,3.79,1.895,4.69548,1.88458,3.9205,2.04677
3.8,3.8,1.9,3.3506,1.44518,3.88309,2.00223
3.81,3.81,1.905,3.35671,2.32722,3.84838,2.03589
3.82,3.82,1.91,3.77057,3.05898,3.85111,2.12984
3.83,3.83,1.915,4.42309,2.04357,3.90927,2.13065
3.84,3.84,1.92,4.54195,1.67225,3.97361,2.09946
3.85,3.85,1.925,2.92261,1.43021,3.895,2.04941
3.86,3.86,1.93,3.9336,1.81873,3.90774,2.0357
3.87,3.87,1.935,4.28221,1.87269,3.94927,2.02737
3.88,3.88,1.94,4.25402,2.69049,3.98547,2.08941
3.89,3.89,1.945,3.82615,2.22257,3.98248,2.10727
3.9,3.9,1.95,3.02261,1.88805,3.9107,2.0952
3.91,3.91,1.955,3.29402,2.02761,3.86659,2.09571
3.92,3.92,1.96,4.038,2.07634,3.8888,2.10021
3.93,3.93,1.965,3.68994,3.11423,3.87962,2.19307
3.94,3.94,1.97,3.30599,1.30543,3.83801,2.12501
3.95,3.95,1.975,4.77749,1.62286,3.92484,2.08835
3.96,3.96,1.98,3.48765,3.13146,3.89552,2.18301
3.97,3.97,1.985,4.46286,1.68777,3.95136,2.14787
3.98,3.98,1.99,4.08875,2.96294,3.9714,2.22395
3.99,3.99,1.995,4.33581,2.63807,4.01108,2.26715
4,4,2,4.4024,2.46513,4.05369,2.29256
4.01,4.01,2.005,4.02987,2.01067,4.06145,2.27725
4.02,4.02,2.01,4.15353,2.37723,4.07906,2.29409
4.03,4.03,2.015,3.88834,2.07603,4.07262,2.28389
4.04,4.04,2.02,3.88483,2.07784,4.06608,2.27432
4.05,4.05,2.025,3.4245,3.32799,4.02037,2.37214
4.06,4.06,2.03,3.69353,1.84927,4.00044,2.33691
4.07,4.07,2.035,3.66037,2.34285,3.9788,2.346
4.08,4.08,2.04,3.982,1.5581,3.98591,2.28716
4.09,4.09,2.045,4.41844,2.44082,4.02975,2.30748
4.1,4.1,2.05,4.06656,1.71819,4.04048,2.26449
4.11,4.11,2.055,5.20553,2.22503,4.14778,2.2675
4.12,4.12,2.06,3.48297,2.76702,4.10055,2.31654
4.13,4.13,2.065,3.70211,3.43594,4.07494,2.41947
4.14,4.14,2.07,4.17983,2.57666,4.09167,2.44203
4.15,4.15,2.075,3.10999,1.43293,4.01561,2.36507
4.16,4.16,2.08,4.82693,2.23891,4.09121,2.36186
4.17,4.17,2.085,5.1912,2.32759,4.19292,2.36627
4.18,4.18,2.09,4.25265,2.94679,4.20754,2.42321
4.19,4.19,2.095,4.69507,1.99687,4.25884,2.39501
4.2,4.2,2.1,3.65295,0.914192,4.21744,2.27584
4.21,4.21,2.105,3.99117,1.51183,4.20743,2.21539
4.22,4.22,2.11,5.51885,1.78481,4.32856,2.18212
4.23,4.23,2.115,3.89115,1.35438,4.30235,2.1141
4.24,4.24,2.12,4.10684,1.78773,4.29605,2.08753
4.25,4.25,2.125,5.11886,2.20924,4.37651,2.09873
4.26,4.26,2.13,4.25557,2.06266,4.37765,2.09663
4.27,4.27,2.135,4.66309,1.90884,4.41332,2.08149
4.28,4.28,2.14,4.6136,2.94698,4.44218,2.15613
4.29,4.29,2.145,4.52004,2.02013,4.4609,2.1466
4.3,4.3,2.15,3.82327,2.01244,4.41852,2.13699
4.31,4.31,2.155,4.59154,1.38874,4.44435,2.0746
4.32,4.32,2.16,4.73577,2.26381,4.4806,2.0911
4.33,4.33,2.165,4.25541,1.83529,4.47313,2.06986
4.34,4.34,2.17,4.10181,2.46865,4.45275,2.10418
4.35,4.35,2.175,4.28589,1.92443,4.44919,2.08969
4.36,4.36,2.18,4.59428,2.43409,4.472,2.11974
4.37,4.37,2.185,3.74541,2.47074,4.42048,2.15095
4.38,4.38,2.19,5.63085,2.42481,4.53337,2.17617
4.39,4.39,2.195,3.5405,2.28369,4.45987,2.18763
4.4,4.4,2.2,3.48459,3.78369,4.38612,2.32663
4.41,4.41,2.205,5.52784,1.87203,4.49175,2.29297
4.42,4.42,2.21,3.29717,1.77081,4.3995,2.25273
4.43,4.43,2.215,4.3395,1.33407,4.4022,2.17765
4.44,4.44,2.22,4.40549,2.12621,4.41019,2.17514
4.45,4.45,2.225,4.51258,2.33982,4.42666,2.19104
4.46,4.46,2.23,3.97719,1.80329,4.39607,2.15995
4.47,4.47,2.235,4.4928,1.9195,4.41142,2.14079
4.48,4.48,2.24,4.93375,2.25795,4.46333,2.15179
4.49,4.49,2.245,5.4225,2.65524,4.55351,2.19605
4.5,4.5,2.25,5.05186,2.31628,4.60593,2.2084
4.51,4.51,2.255,4.58868,3.12066,4.61509,2.28871
4.52,4.52,2.26,4.33085,2.53339,4.60136,2.31351
4.53,4.53,2.265,4.39688,2.13068,4.59394,2.30215
4.54,4.54,2.27,3.95555,1.89874,4.54902,2.27159
4.55,4.55,2.275,4.08587,2.57218,4.51795,2.30055
4.56,4.56,2.28,5.0801,2.23262,4.57378,2.2985
4.57,4.57,2.285,4.68481,2.20876,4.59198,2.29445
4.58,4.58,2.29,4.17461,2.72113,4.56515,2.33443
4.59,4.59,2.295,4.91627,1.34873,4.60332,2.25431
4.6,4.6,2.3,4.45845,1.85899,4.59965,2.22296
4.61,4.61,2.305,4.41453,1.96978,4.59227,2.20309
4.62,4.62,2.31,4.59679,2.14504,4.60078,2.19946
4.63,4.63,2.315,4.45443,2.86869,4.59637,2.25794
4.64,4.64,2.32,4.91859,1.96805,4.63178,2.23554
4.65,4.65,2.325,4.37223,2.5709,4.61796,2.26612
4.66,4.66,2.33,4.90521,2.02811,4.65046,2.24823
4.67,4.67,2.335,4.553,3.2584,4.65052,2.3367
4.68,4.68,2.34,4.38673,3.2954,4.63618,2.42253
4.69,4.69,2.345,5.24183,3.20771,4.69573,2.49519
4.7,4.7,2.35,4.38546,2.26572,4.67798,2.4824
4.71,4.71,2.355,4.48542,2.91838,4.66973,2.52613
4.72,4.72,2.36,4.43616,2.72561,4.65762,2.55038
4.73,4.73,2.365,5.06915,2.34099,4.70028,2.53998
4.74,4.74,2.37,5.38933,2.42384,4.76739,2.53718
4.75,4.75,2.375,5.16704,2.12765,4.81093,2.50906
4.76,4.76,2.38,4.39828,2.74557,4.78565,2.53548
4.77,4.77,2.385,4.98542,2.50665,4.81203,2.53961
4.78,4.78,2.39,4.60816,3.1646,4.8042,2.59961
4.79,4.79,2.395,4.23171,1.80933,4.76447,2.5396
4.8,4.8,2.4,5.27108,2.83005,4.81604,2.57066
4.81,4.81,2.405,4.98688,2.26102,4.83975,2.55088
4.82,4.82,2.41,5.07121,3.27042,4.86892,2.61859
4.83,4.83,2.415,6.08777,1.58679,4.98296,2.53772
4.84,4.84,2.42,4.63054,2.17911,4.96469,2.51262
4.85,4.85,2.425,5.66326,1.18435,5.03569,2.40393
4.86,4.86,2.43,5.11692,2.30159,5.05508,2.39778
4.87,4.87,2.435,5.68906,3.18552,5.12187,2.4676
4.88,4.88,2.44,5.06275,1.65014,5.13045,2.40147
4.89,4.89,2.445,4.60306,2.2128,5.09884,2.38769
4.9,4.9,2.45,4.23677,3.02729,5.03765,2.44444
4.91,4.91,2.455,4.18329,3.43766,4.97559,2.53255
4.92,4.92,2.46,5.90141,2.26747,5.06431,2.51475
4.93,4.93,2.465,5.09425,2.42886,5.07799,2.5118
4.94,4.94,2.47,5.39091,3.10734,5.11591,2.56699
4.95,4.95,2.475,5.079,2.70956,5.12442,2.58447
4.96,4.96,2.48,4.6497,2.69836,5.0954,2.59973
4.97,4.97,2.485,5.05138,2.0291,5.10237,2.55661
4.98,4.98,2.49,4.97298,2.29841,5.10193,2.53922
4.99,4.99,2.495,4.68525,1.92175,5.07668,2.49063
